Field,Type,English,Hindi (India),Gujarati (India),
ProductName,Text,Comet-AI,कॉमेट-एआई,Comet-AI,
Description,Text,Comet-AI is a high-performance remote desktop solution integrated with advanced Generative AI tools. Experience ultra-low latency 4K streaming and control your workspace from anywhere in the world.,कॉमेट-एआई उन्नत जेनरेटिव एआई टूल्स के साथ एकीकृत एक उच्च-प्रदर्शन रिमोट डेस्कटॉप समाधान है। अल्ट्रा-लो लेटेंसी 4K स्ट्रीमिंग का अनुभव करें और दुनिया में कहीं से भी अपने वर्कस्पेस को नियंत्रित करें।,Comet-AI એ અદ્યતન જનરેટિવ AI ટૂલ્સ સાથે સંકલિત ઉચ્ચ પ્રદર્શન ધરાવતું રિમોટ ડેસ્કટોપ સોલ્યુશન છે. અલ્ટ્રા-લો લેટન્સી 4K સ્ટ્રીમિંગનો અનુભવ કરો અને વિશ્વમાં ગમે ત્યાંથી તમારા વર્કસ્પેસને કંટ્રોલ કરો.,
WhatsNew,Text,Initial release featuring AI Assistant integration and optimized remote protocols.,एआई सहायक एकीकरण और अनुकूलित रिमोट प्रोटोकॉल की विशेषता वाला प्रारंभिक रिलीज।,AI આસિસ્ટન્ટ ઇન્ટિગ્રેશન અને ઓપ્ટિમાઇઝ રિમોટ પ્રોટોકોલ્સ ધરાવતું પ્રારંભિક પ્રકાશન.,
ProductFeatures1,Text,Ultra-low latency 4K streaming,अल्ट्रा-लो लेटेंसी 4K स्ट्रीमिंग,અલ્ટ્રા-લો લેટન્સી 4K સ્ટ્રીમિંગ,
ProductFeatures2,Text,Integrated Generative AI Assistant,एकीकृत जेनरेटિવ एआई सहायक,ઇન્ટિગ્રેટેડ જનરેટિવ AI આસિસ્ટન્ટ,
ProductFeatures3,Text,Secure End-to-End Encryption,सुरक्षित एंड-टू-एंड एन्क्रिप्शन,સુરક્ષિત એન્ડ-ટુ-એન્ડ એન્ક્રિપ્શન,
ProductFeatures4,Text,Multi-monitor and Sound support,मल्टी-मॉनिटर और साउंड सपोर्ट,મલ્ટી-મોનિટર અને સાઉન્ડ સપોર્ટ,
ProductFeatures5,Text,,,,
ProductFeatures6,Text,,,,
ProductFeatures7,Text,,,,
ProductFeatures8,Text,,,,
ProductFeatures9,Text,,,,
ProductFeatures10,Text,,,,
ProductFeatures11,Text,,,,
ProductFeatures12,Text,,,,
ProductFeatures13,Text,,,,
ProductFeatures14,Text,,,,
ProductFeatures15,Text,,,,
ProductFeatures16,Text,,,,
ProductFeatures17,Text,,,,
ProductFeatures18,Text,,,,
ProductFeatures19,Text,,,,
ProductFeatures20,Text,,,,
ShortDescription,Text,Text,Secure AI-powered remote access.,सुरक्षित एआई-संचालित रिमोट एक्सेस।,સુરક્ષિત અને AI-સંચાલિત રિમોટ એક્સેસ.
SearchTerms1,Text,Text,Remote Desktop,रिमोट डेस्कटॉप,રિમોટ ડેસ્કટોપ
SearchTerms2,Text,Text,AI Assistant,एआई सहायक,AI આસિસ્ટન્ટ
SearchTerms3,Text,Text,Remote Access,रिमोट एक्सेस,રિમોટ એક્સેસ
SearchTerms4,Text,Text,VNC RDP,वीएनसी आरडीपी,VNC RDP
SearchTerms5,Text,Text,PC Control,पीसी कंट्रोल,PC કંટ્રોલ
SearchTerms6,Text,,,,
SearchTerms7,Text,,,,
Applicable license terms,Text,,,,
Copyright,Text,© 2026 Comet-AI,© 2026 कॉमेट-एआई,© 2026 Comet-AI,
DevelopedBy,Text,Comet-AI Team,कॉमेट-एआई टीम,Comet-AI ટીમ,
RequirementsMinimum1,Text,Windows 10 Version 1809 or higher,विंडोज 10 वर्जन 1809 या उससे उच्च,વિન્ડોઝ 10 વર્ઝન 1809 અથવા તેથી વધુ,
RequirementsMinimum2,Text,4 GB RAM,4 जीबी रैम,4 GB રેમ (RAM),
RequirementsMinimum3,Text,8 GB RAM or higher,8 जीबी रैम या उससे अधिक,8 GB રેમ અથવા તેથી વધુ,
RequirementsMinimum4,Text,High-speed Internet Connection,हाई-स्पीड इंटरनेट कनेक्शन,હાઇ-સ્પીડ ઇન્ટરનેટ કનેક્શન,
RequirementsMinimum5,Text,,,,
RequirementsMinimum6,Text,,,,
RequirementsMinimum7,Text,,,,
RequirementsMinimum8,Text,,,,
RequirementsMinimum9,Text,,,,
RequirementsMinimum10,Text,,,,
RequirementsMinimum11,Text,,,,
RequirementsRecommended1,Text,,,,
RequirementsRecommended2,Text,,,,
RequirementsRecommended3,Text,,,,
RequirementsRecommended4,Text,,,,
RequirementsRecommended5,Text,,,,
RequirementsRecommended6,Text,,,,
RequirementsRecommended7,Text,,,,
RequirementsRecommended8,Text,,,,
RequirementsRecommended9,Text,,,,
RequirementsRecommended10,Text,,,,
RequirementsRecommended11,Text,,,,
StoreLogos1,Provide the file name only if it is in the same folder. Provide relative path to image starting with the subfolder name otherwise,,,,
StoreLogos2,Provide the file name only if it is in the same folder. Provide relative path to image starting with the subfolder name otherwise,,,,
Screenshots1,Provide the file name only if it is in the same folder. Provide relative path to image starting with the subfolder name otherwise,,,,
Screenshots2,Provide the file name only if it is in the same folder. Provide relative path to image starting with the subfolder name otherwise,,,,
Screenshots3,Provide the file name only if it is in the same folder. Provide relative path to image starting with the subfolder name otherwise,,,,
Screenshots4,Provide the file name only if it is in the same folder. Provide relative path to image starting with the subfolder name otherwise,,,,
Screenshots5,Provide the file name only if it is in the same folder. Provide relative path to image starting with the subfolder name otherwise,,,,
Screenshots6,Provide the file name only if it is in the same folder. Provide relative path to image starting with the subfolder name otherwise,,,,
Screenshots7,Provide the file name only if it is in the same folder. Provide relative path to image starting with the subfolder name otherwise,,,,
Screenshots8,Provide the file name only if it is in the same folder. Provide relative path to image starting with the subfolder name otherwise,,,,
Screenshots9,Provide the file name only if it is in the same folder. Provide relative path to image starting with the subfolder name otherwise,,,,
Screenshots10,Provide the file name only if it is in the same folder. Provide relative path to image starting with the subfolder name otherwise,,,,
HeroArts,Text,,,,
Trailers,Text,,,,
